Label,Num_Samples,MMD_Score
benign,1,1.0649730342042825
benign,2,1.1534950850594972
benign,3,0.5124996025571971
benign,4,0.5396862209932469
benign,5,0.21353540822623263
benign,6,0.14794722079807587
benign,7,0.10808997175630952
benign,8,0.17313869432086793
benign,9,0.14047910684213383
benign,10,0.059366823702758476
benign,11,0.07893916809235813
benign,12,0.034553654813375134
benign,13,0.03993264975354682
benign,14,0.03448876773239107
benign,15,0.02283046239300912
benign,16,0.0205037637575316
benign,17,0.019344089349692117
benign,18,0.01727460130689873
benign,19,0.01700044036507875
benign,20,0.028029898011841414
benign,21,0.04160047146908541
benign,22,0.025525962918423684
benign,23,0.03468893631146863
benign,24,0.046923693597503924
benign,25,0.06037356281091211
benign,26,0.05538466687961985
benign,27,0.03653284557565373
benign,28,0.03351142120579609
benign,29,0.02256856101383531
benign,30,0.014487616233555878
benign,31,0.009770956810265075
benign,32,0.00740400964340715
benign,33,0.0049542931043715654
benign,34,0.004716853174707714
benign,35,0.004090446632471378
benign,36,0.003959112513238328
benign,37,0.006659017184493132
benign,38,0.009521264530028217
benign,39,0.005692797103264535
benign,40,0.006423813068333617
benign,41,0.0060624185401618735
benign,42,0.005777718454108793
benign,43,0.005452432231961568
benign,44,0.00636771595908292
benign,45,0.005129704313185712
benign,46,0.006106188886486397
benign,47,0.0038267923980395135
benign,48,0.003912231140901001
benign,49,0.003874135727595318
benign,50,0.003718868360243377
benign,51,0.003718868360243377
benign,52,0.003718868360243377
benign,53,0.003718868360243377
benign,54,0.003718868360243377
benign,55,0.003718868360243377
benign,56,0.003718868360243377
benign,57,0.003718868360243377
benign,58,0.003718868360243377
benign,59,0.003718868360243377
benign,60,0.003718868360243377
benign,61,0.003718868360243377
benign,62,0.003718868360243377
benign,63,0.003718868360243377
benign,64,0.003718868360243377
benign,65,0.003718868360243377
benign,66,0.003718868360243377
benign,67,0.003718868360243377
benign,68,0.003718868360243377
benign,69,0.003718868360243377
benign,70,0.003718868360243377
benign,71,0.003718868360243377
benign,72,0.003718868360243377
benign,73,0.003718868360243377
benign,74,0.003718868360243377
benign,75,0.003718868360243377
benign,76,0.003718868360243377
benign,77,0.003718868360243377
benign,78,0.003718868360243377
benign,79,0.003718868360243377
benign,80,0.003718868360243377
benign,81,0.003718868360243377
benign,82,0.003718868360243377
benign,83,0.003718868360243377
benign,84,0.003718868360243377
benign,85,0.003718868360243377
benign,86,0.003718868360243377
benign,87,0.003718868360243377
benign,88,0.003718868360243377
benign,89,0.003718868360243377
benign,90,0.003718868360243377
benign,91,0.003718868360243377
benign,92,0.003718868360243377
benign,93,0.003718868360243377
benign,94,0.003718868360243377
benign,95,0.003718868360243377
benign,96,0.003718868360243377
benign,97,0.003718868360243377
benign,98,0.003718868360243377
benign,99,0.003718868360243377
benign,100,0.003718868360243377
gandcrab,1,5.020873561356609e-08
gandcrab,2,4.0945410173520713e-07
gandcrab,3,3.1199671639559057e-06
gandcrab,4,1.0589953693962428e-06
gandcrab,5,6.267864594011741e-07
gandcrab,6,8.093399661568412e-08
gandcrab,7,7.081331954150727e-07
gandcrab,8,3.618415651551743e-07
gandcrab,9,8.312262789189617e-08
gandcrab,10,2.3074684829538228e-08
gandcrab,11,1.6836532390485104e-08
gandcrab,12,1.4126810610193274e-08
gandcrab,13,7.182754835355354e-09
gandcrab,14,4.653906371387961e-09
gandcrab,15,2.7699764704181007e-09
gandcrab,16,4.081763860241949e-07
gandcrab,17,3.6198276420762454e-07
gandcrab,18,1.7796448714690882e-07
gandcrab,19,1.31089134214335e-07
gandcrab,20,6.651914468136511e-07
gandcrab,21,5.893189998218418e-07
gandcrab,22,5.790601662614137e-07
gandcrab,23,4.82389466371913e-07
gandcrab,24,4.554288715041821e-07
gandcrab,25,4.173950898245238e-07
gandcrab,26,3.8193902951455527e-07
gandcrab,27,3.4271776594430037e-07
gandcrab,28,3.116186365614837e-06
gandcrab,29,2.9032725232802647e-06
gandcrab,30,3.015858618171663e-06
gandcrab,31,2.737598931323859e-06
gandcrab,32,2.4800316462680883e-06
gandcrab,33,3.0158025496884733e-06
gandcrab,34,2.928688967118731e-06
gandcrab,35,2.7646197195974054e-06
gandcrab,36,2.3258021708549848e-06
gandcrab,37,2.1405259758022765e-06
gandcrab,38,2.231004983643814e-06
gandcrab,39,2.1039035877912227e-06
gandcrab,40,2.0003351686170845e-06
gandcrab,41,2.121018080725179e-06
gandcrab,42,1.951908212172171e-06
gandcrab,43,1.8617081463112584e-06
gandcrab,44,1.7761899642199097e-06
gandcrab,45,1.642325230255537e-06
gandcrab,46,1.5252674030463709e-06
gandcrab,47,7.5758586841612185e-06
gandcrab,48,7.372571301456077e-06
gandcrab,49,6.811875959078506e-06
gandcrab,50,6.609732276618985e-06
gandcrab,51,6.609732276618985e-06
gandcrab,52,6.609732276618985e-06
gandcrab,53,6.609732276618985e-06
gandcrab,54,6.609732276618985e-06
gandcrab,55,6.609732276618985e-06
gandcrab,56,6.609732276618985e-06
gandcrab,57,6.609732276618985e-06
gandcrab,58,6.609732276618985e-06
gandcrab,59,6.609732276618985e-06
gandcrab,60,6.609732276618985e-06
gandcrab,61,6.609732276618985e-06
gandcrab,62,6.609732276618985e-06
gandcrab,63,6.609732276618985e-06
gandcrab,64,6.609732276618985e-06
gandcrab,65,6.609732276618985e-06
gandcrab,66,6.609732276618985e-06
gandcrab,67,6.609732276618985e-06
gandcrab,68,6.609732276618985e-06
gandcrab,69,6.609732276618985e-06
gandcrab,70,6.609732276618985e-06
gandcrab,71,6.609732276618985e-06
gandcrab,72,6.609732276618985e-06
gandcrab,73,6.609732276618985e-06
gandcrab,74,6.609732276618985e-06
gandcrab,75,6.609732276618985e-06
gandcrab,76,6.609732276618985e-06
gandcrab,77,6.609732276618985e-06
gandcrab,78,6.609732276618985e-06
gandcrab,79,6.609732276618985e-06
gandcrab,80,6.609732276618985e-06
gandcrab,81,6.609732276618985e-06
gandcrab,82,6.609732276618985e-06
gandcrab,83,6.609732276618985e-06
gandcrab,84,6.609732276618985e-06
gandcrab,85,6.609732276618985e-06
gandcrab,86,6.609732276618985e-06
gandcrab,87,6.609732276618985e-06
gandcrab,88,6.609732276618985e-06
gandcrab,89,6.609732276618985e-06
gandcrab,90,6.609732276618985e-06
gandcrab,91,6.609732276618985e-06
gandcrab,92,6.609732276618985e-06
gandcrab,93,6.609732276618985e-06
gandcrab,94,6.609732276618985e-06
gandcrab,95,6.609732276618985e-06
gandcrab,96,6.609732276618985e-06
gandcrab,97,6.609732276618985e-06
gandcrab,98,6.609732276618985e-06
gandcrab,99,6.609732276618985e-06
gandcrab,100,6.609732276618985e-06
downloadguide,1,7.255882199519448e-07
downloadguide,2,4.877416470705498e-09
downloadguide,3,1.3166983037216085e-06
downloadguide,4,5.483732003819242e-06
downloadguide,5,2.2073266453759288e-05
downloadguide,6,4.5639572758826574e-05
downloadguide,7,5.448320154588515e-05
downloadguide,8,2.1539570554507392e-05
downloadguide,9,3.9783516004865405e-05
downloadguide,10,3.0976765182266774e-05
downloadguide,11,2.5140976327220343e-05
downloadguide,12,3.3517663885263005e-05
downloadguide,13,2.982876367640941e-05
downloadguide,14,2.4977681231330706e-05
downloadguide,15,2.273540361885651e-05
downloadguide,16,2.249103539408992e-05
downloadguide,17,2.117121168954128e-05
downloadguide,18,1.9246585831522722e-05
downloadguide,19,1.1659022916221673e-05
downloadguide,20,1.1659022916221673e-05
downloadguide,21,1.1659022916221673e-05
downloadguide,22,1.1659022916221673e-05
downloadguide,23,1.1659022916221673e-05
downloadguide,24,1.1659022916221673e-05
downloadguide,25,1.1659022916221673e-05
downloadguide,26,1.1659022916221673e-05
downloadguide,27,1.1659022916221673e-05
downloadguide,28,1.1659022916221673e-05
downloadguide,29,1.1659022916221673e-05
downloadguide,30,1.1659022916221673e-05
downloadguide,31,1.1659022916221673e-05
downloadguide,32,1.1659022916221673e-05
downloadguide,33,1.1659022916221673e-05
downloadguide,34,1.1659022916221673e-05
downloadguide,35,1.1659022916221673e-05
downloadguide,36,1.1659022916221673e-05
downloadguide,37,1.1659022916221673e-05
downloadguide,38,1.1659022916221673e-05
downloadguide,39,1.1659022916221673e-05
downloadguide,40,1.1659022916221673e-05
downloadguide,41,1.1659022916221673e-05
downloadguide,42,1.1659022916221673e-05
downloadguide,43,1.1659022916221673e-05
downloadguide,44,1.1659022916221673e-05
downloadguide,45,1.1659022916221673e-05
downloadguide,46,1.1659022916221673e-05
downloadguide,47,1.1659022916221673e-05
downloadguide,48,1.1659022916221673e-05
downloadguide,49,1.1659022916221673e-05
downloadguide,50,1.1659022916221673e-05
downloadguide,51,1.1659022916221673e-05
downloadguide,52,1.1659022916221673e-05
downloadguide,53,1.1659022916221673e-05
downloadguide,54,1.1659022916221673e-05
downloadguide,55,1.1659022916221673e-05
downloadguide,56,1.1659022916221673e-05
downloadguide,57,1.1659022916221673e-05
downloadguide,58,1.1659022916221673e-05
downloadguide,59,1.1659022916221673e-05
downloadguide,60,1.1659022916221673e-05
downloadguide,61,1.1659022916221673e-05
downloadguide,62,1.1659022916221673e-05
downloadguide,63,1.1659022916221673e-05
downloadguide,64,1.1659022916221673e-05
downloadguide,65,1.1659022916221673e-05
downloadguide,66,1.1659022916221673e-05
downloadguide,67,1.1659022916221673e-05
downloadguide,68,1.1659022916221673e-05
downloadguide,69,1.1659022916221673e-05
downloadguide,70,1.1659022916221673e-05
downloadguide,71,1.1659022916221673e-05
downloadguide,72,1.1659022916221673e-05
downloadguide,73,1.1659022916221673e-05
downloadguide,74,1.1659022916221673e-05
downloadguide,75,1.1659022916221673e-05
downloadguide,76,1.1659022916221673e-05
downloadguide,77,1.1659022916221673e-05
downloadguide,78,1.1659022916221673e-05
downloadguide,79,1.1659022916221673e-05
downloadguide,80,1.1659022916221673e-05
downloadguide,81,1.1659022916221673e-05
downloadguide,82,1.1659022916221673e-05
downloadguide,83,1.1659022916221673e-05
downloadguide,84,1.1659022916221673e-05
downloadguide,85,1.1659022916221673e-05
downloadguide,86,1.1659022916221673e-05
downloadguide,87,1.1659022916221673e-05
downloadguide,88,1.1659022916221673e-05
downloadguide,89,1.1659022916221673e-05
downloadguide,90,1.1659022916221673e-05
downloadguide,91,1.1659022916221673e-05
downloadguide,92,1.1659022916221673e-05
downloadguide,93,1.1659022916221673e-05
downloadguide,94,1.1659022916221673e-05
downloadguide,95,1.1659022916221673e-05
downloadguide,96,1.1659022916221673e-05
downloadguide,97,1.1659022916221673e-05
downloadguide,98,1.1659022916221673e-05
downloadguide,99,1.1659022916221673e-05
downloadguide,100,1.1659022916221673e-05
firseria,1,7.508782455811769e-07
firseria,2,1.3727589965428777e-05
firseria,3,6.365951783715573e-06
firseria,4,1.549495411534707e-06
firseria,5,3.0425061201544423e-06
firseria,6,1.8667701395802538e-06
firseria,7,1.3937162277599668e-06
firseria,8,6.508515816738836e-06
firseria,9,3.568341648829687e-07
firseria,10,2.4309127257815533e-06
firseria,11,2.140782352944015e-06
firseria,12,1.5787462532834695e-06
firseria,13,1.4160002130836347e-06
firseria,14,0.004740935707446381
firseria,15,0.004183406260433342
firseria,16,0.0036827940346366717
firseria,17,0.003260993512252508
firseria,18,0.0028948848150653905
firseria,19,0.002597642927460786
firseria,20,0.002343867303069347
firseria,21,0.0021284999465747134
firseria,22,0.0019381407524474703
firseria,23,0.0017841041803543511
firseria,24,0.001788279385419811
firseria,25,0.001788279385419811
firseria,26,0.001788279385419811
firseria,27,0.001788279385419811
firseria,28,0.001788279385419811
firseria,29,0.001788279385419811
firseria,30,0.001788279385419811
firseria,31,0.001788279385419811
firseria,32,0.001788279385419811
firseria,33,0.001788279385419811
firseria,34,0.001788279385419811
firseria,35,0.001788279385419811
firseria,36,0.001788279385419811
firseria,37,0.001788279385419811
firseria,38,0.001788279385419811
firseria,39,0.001788279385419811
firseria,40,0.001788279385419811
firseria,41,0.001788279385419811
firseria,42,0.001788279385419811
firseria,43,0.001788279385419811
firseria,44,0.001788279385419811
firseria,45,0.001788279385419811
firseria,46,0.001788279385419811
firseria,47,0.001788279385419811
firseria,48,0.001788279385419811
firseria,49,0.001788279385419811
firseria,50,0.001788279385419811
firseria,51,0.001788279385419811
firseria,52,0.001788279385419811
firseria,53,0.001788279385419811
firseria,54,0.001788279385419811
firseria,55,0.001788279385419811
firseria,56,0.001788279385419811
firseria,57,0.001788279385419811
firseria,58,0.001788279385419811
firseria,59,0.001788279385419811
firseria,60,0.001788279385419811
firseria,61,0.001788279385419811
firseria,62,0.001788279385419811
firseria,63,0.001788279385419811
firseria,64,0.001788279385419811
firseria,65,0.001788279385419811
firseria,66,0.001788279385419811
firseria,67,0.001788279385419811
firseria,68,0.001788279385419811
firseria,69,0.001788279385419811
firseria,70,0.001788279385419811
firseria,71,0.001788279385419811
firseria,72,0.001788279385419811
firseria,73,0.001788279385419811
firseria,74,0.001788279385419811
firseria,75,0.001788279385419811
firseria,76,0.001788279385419811
firseria,77,0.001788279385419811
firseria,78,0.001788279385419811
firseria,79,0.001788279385419811
firseria,80,0.001788279385419811
firseria,81,0.001788279385419811
firseria,82,0.001788279385419811
firseria,83,0.001788279385419811
firseria,84,0.001788279385419811
firseria,85,0.001788279385419811
firseria,86,0.001788279385419811
firseria,87,0.001788279385419811
firseria,88,0.001788279385419811
firseria,89,0.001788279385419811
firseria,90,0.001788279385419811
firseria,91,0.001788279385419811
firseria,92,0.001788279385419811
firseria,93,0.001788279385419811
firseria,94,0.001788279385419811
firseria,95,0.001788279385419811
firseria,96,0.001788279385419811
firseria,97,0.001788279385419811
firseria,98,0.001788279385419811
firseria,99,0.001788279385419811
firseria,100,0.001788279385419811
emotet,1,0.0007173545870819975
emotet,2,0.0005593994183514805
emotet,3,0.00019646168909437378
emotet,4,0.000435852540664472
emotet,5,0.0011916721650657713
emotet,6,0.0007650442600273255
emotet,7,0.0009552832409769341
emotet,8,0.0007920798803335849
emotet,9,0.0009887110448303371
emotet,10,0.0010791798808307274
emotet,11,0.0011529049790552914
emotet,12,0.004303631701435773
emotet,13,0.0036643592603102793
emotet,14,0.0031039482927988082
emotet,15,0.0032563717719196195
emotet,16,0.0029329889872802273
emotet,17,0.002370902861049462
emotet,18,0.002017454280492492
emotet,19,0.0020200385487287864
emotet,20,0.0018087118825564907
emotet,21,0.0016494146942827026
emotet,22,0.0015189710110445898
emotet,23,0.0013660250944775854
emotet,24,0.001329400738560249
emotet,25,0.0011182385611385737
emotet,26,0.0010478831019358203
emotet,27,0.0009491700396797587
emotet,28,0.0009491700396797587
emotet,29,0.0009491700396797587
emotet,30,0.0009491700396797587
emotet,31,0.0009491700396797587
emotet,32,0.0009491700396797587
emotet,33,0.0009491700396797587
emotet,34,0.0009491700396797587
emotet,35,0.0009491700396797587
emotet,36,0.0009491700396797587
emotet,37,0.0009491700396797587
emotet,38,0.0009491700396797587
emotet,39,0.0009491700396797587
emotet,40,0.0009491700396797587
emotet,41,0.0009491700396797587
emotet,42,0.0009491700396797587
emotet,43,0.0009491700396797587
emotet,44,0.0009491700396797587
emotet,45,0.0009491700396797587
emotet,46,0.0009491700396797587
emotet,47,0.0009491700396797587
emotet,48,0.0009491700396797587
emotet,49,0.0009491700396797587
emotet,50,0.0009491700396797587
emotet,51,0.0009491700396797587
emotet,52,0.0009491700396797587
emotet,53,0.0009491700396797587
emotet,54,0.0009491700396797587
emotet,55,0.0009491700396797587
emotet,56,0.0009491700396797587
emotet,57,0.0009491700396797587
emotet,58,0.0009491700396797587
emotet,59,0.0009491700396797587
emotet,60,0.0009491700396797587
emotet,61,0.0009491700396797587
emotet,62,0.0009491700396797587
emotet,63,0.0009491700396797587
emotet,64,0.0009491700396797587
emotet,65,0.0009491700396797587
emotet,66,0.0009491700396797587
emotet,67,0.0009491700396797587
emotet,68,0.0009491700396797587
emotet,69,0.0009491700396797587
emotet,70,0.0009491700396797587
emotet,71,0.0009491700396797587
emotet,72,0.0009491700396797587
emotet,73,0.0009491700396797587
emotet,74,0.0009491700396797587
emotet,75,0.0009491700396797587
emotet,76,0.0009491700396797587
emotet,77,0.0009491700396797587
emotet,78,0.0009491700396797587
emotet,79,0.0009491700396797587
emotet,80,0.0009491700396797587
emotet,81,0.0009491700396797587
emotet,82,0.0009491700396797587
emotet,83,0.0009491700396797587
emotet,84,0.0009491700396797587
emotet,85,0.0009491700396797587
emotet,86,0.0009491700396797587
emotet,87,0.0009491700396797587
emotet,88,0.0009491700396797587
emotet,89,0.0009491700396797587
emotet,90,0.0009491700396797587
emotet,91,0.0009491700396797587
emotet,92,0.0009491700396797587
emotet,93,0.0009491700396797587
emotet,94,0.0009491700396797587
emotet,95,0.0009491700396797587
emotet,96,0.0009491700396797587
emotet,97,0.0009491700396797587
emotet,98,0.0009491700396797587
emotet,99,0.0009491700396797587
emotet,100,0.0009491700396797587
driverpack,1,7.441314524569975e-07
driverpack,2,5.448545854491726e-07
driverpack,3,4.1833055530737795e-07
driverpack,4,2.152380269571097e-07
driverpack,5,1.7669356648930545e-06
driverpack,6,1.4035835822490128e-06
driverpack,7,1.2411453336191869e-06
driverpack,8,1.2411453336191869e-06
driverpack,9,1.2411453336191869e-06
driverpack,10,1.2411453336191869e-06
driverpack,11,1.2411453336191869e-06
driverpack,12,1.2411453336191869e-06
driverpack,13,1.2411453336191869e-06
driverpack,14,1.2411453336191869e-06
driverpack,15,1.2411453336191869e-06
driverpack,16,1.2411453336191869e-06
driverpack,17,1.2411453336191869e-06
driverpack,18,1.2411453336191869e-06
driverpack,19,1.2411453336191869e-06
driverpack,20,1.2411453336191869e-06
driverpack,21,1.2411453336191869e-06
driverpack,22,1.2411453336191869e-06
driverpack,23,1.2411453336191869e-06
driverpack,24,1.2411453336191869e-06
driverpack,25,1.2411453336191869e-06
driverpack,26,1.2411453336191869e-06
driverpack,27,1.2411453336191869e-06
driverpack,28,1.2411453336191869e-06
driverpack,29,1.2411453336191869e-06
driverpack,30,1.2411453336191869e-06
driverpack,31,1.2411453336191869e-06
driverpack,32,1.2411453336191869e-06
driverpack,33,1.2411453336191869e-06
driverpack,34,1.2411453336191869e-06
driverpack,35,1.2411453336191869e-06
driverpack,36,1.2411453336191869e-06
driverpack,37,1.2411453336191869e-06
driverpack,38,1.2411453336191869e-06
driverpack,39,1.2411453336191869e-06
driverpack,40,1.2411453336191869e-06
driverpack,41,1.2411453336191869e-06
driverpack,42,1.2411453336191869e-06
driverpack,43,1.2411453336191869e-06
driverpack,44,1.2411453336191869e-06
driverpack,45,1.2411453336191869e-06
driverpack,46,1.2411453336191869e-06
driverpack,47,1.2411453336191869e-06
driverpack,48,1.2411453336191869e-06
driverpack,49,1.2411453336191869e-06
driverpack,50,1.2411453336191869e-06
driverpack,51,1.2411453336191869e-06
driverpack,52,1.2411453336191869e-06
driverpack,53,1.2411453336191869e-06
driverpack,54,1.2411453336191869e-06
driverpack,55,1.2411453336191869e-06
driverpack,56,1.2411453336191869e-06
driverpack,57,1.2411453336191869e-06
driverpack,58,1.2411453336191869e-06
driverpack,59,1.2411453336191869e-06
driverpack,60,1.2411453336191869e-06
driverpack,61,1.2411453336191869e-06
driverpack,62,1.2411453336191869e-06
driverpack,63,1.2411453336191869e-06
driverpack,64,1.2411453336191869e-06
driverpack,65,1.2411453336191869e-06
driverpack,66,1.2411453336191869e-06
driverpack,67,1.2411453336191869e-06
driverpack,68,1.2411453336191869e-06
driverpack,69,1.2411453336191869e-06
driverpack,70,1.2411453336191869e-06
driverpack,71,1.2411453336191869e-06
driverpack,72,1.2411453336191869e-06
driverpack,73,1.2411453336191869e-06
driverpack,74,1.2411453336191869e-06
driverpack,75,1.2411453336191869e-06
driverpack,76,1.2411453336191869e-06
driverpack,77,1.2411453336191869e-06
driverpack,78,1.2411453336191869e-06
driverpack,79,1.2411453336191869e-06
driverpack,80,1.2411453336191869e-06
driverpack,81,1.2411453336191869e-06
driverpack,82,1.2411453336191869e-06
driverpack,83,1.2411453336191869e-06
driverpack,84,1.2411453336191869e-06
driverpack,85,1.2411453336191869e-06
driverpack,86,1.2411453336191869e-06
driverpack,87,1.2411453336191869e-06
driverpack,88,1.2411453336191869e-06
driverpack,89,1.2411453336191869e-06
driverpack,90,1.2411453336191869e-06
driverpack,91,1.2411453336191869e-06
driverpack,92,1.2411453336191869e-06
driverpack,93,1.2411453336191869e-06
driverpack,94,1.2411453336191869e-06
driverpack,95,1.2411453336191869e-06
driverpack,96,1.2411453336191869e-06
driverpack,97,1.2411453336191869e-06
driverpack,98,1.2411453336191869e-06
driverpack,99,1.2411453336191869e-06
driverpack,100,1.2411453336191869e-06
domaiq,1,0.000686728036338291
domaiq,2,7.461032560662773e-07
domaiq,3,7.985773170071653e-06
domaiq,4,7.330466823773918e-06
domaiq,5,3.447283787316735e-06
domaiq,6,2.5007077124605814e-06
domaiq,7,1.955178507984101e-08
domaiq,8,1.955178507984101e-08
domaiq,9,1.955178507984101e-08
domaiq,10,1.955178507984101e-08
domaiq,11,1.955178507984101e-08
domaiq,12,1.955178507984101e-08
domaiq,13,1.955178507984101e-08
domaiq,14,1.955178507984101e-08
domaiq,15,1.955178507984101e-08
domaiq,16,1.955178507984101e-08
domaiq,17,1.955178507984101e-08
domaiq,18,1.955178507984101e-08
domaiq,19,1.955178507984101e-08
domaiq,20,1.955178507984101e-08
domaiq,21,1.955178507984101e-08
domaiq,22,1.955178507984101e-08
domaiq,23,1.955178507984101e-08
domaiq,24,1.955178507984101e-08
domaiq,25,1.955178507984101e-08
domaiq,26,1.955178507984101e-08
domaiq,27,1.955178507984101e-08
domaiq,28,1.955178507984101e-08
domaiq,29,1.955178507984101e-08
domaiq,30,1.955178507984101e-08
domaiq,31,1.955178507984101e-08
domaiq,32,1.955178507984101e-08
domaiq,33,1.955178507984101e-08
domaiq,34,1.955178507984101e-08
domaiq,35,1.955178507984101e-08
domaiq,36,1.955178507984101e-08
domaiq,37,1.955178507984101e-08
domaiq,38,1.955178507984101e-08
domaiq,39,1.955178507984101e-08
domaiq,40,1.955178507984101e-08
domaiq,41,1.955178507984101e-08
domaiq,42,1.955178507984101e-08
domaiq,43,1.955178507984101e-08
domaiq,44,1.955178507984101e-08
domaiq,45,1.955178507984101e-08
domaiq,46,1.955178507984101e-08
domaiq,47,1.955178507984101e-08
domaiq,48,1.955178507984101e-08
domaiq,49,1.955178507984101e-08
domaiq,50,1.955178507984101e-08
domaiq,51,1.955178507984101e-08
domaiq,52,1.955178507984101e-08
domaiq,53,1.955178507984101e-08
domaiq,54,1.955178507984101e-08
domaiq,55,1.955178507984101e-08
domaiq,56,1.955178507984101e-08
domaiq,57,1.955178507984101e-08
domaiq,58,1.955178507984101e-08
domaiq,59,1.955178507984101e-08
domaiq,60,1.955178507984101e-08
domaiq,61,1.955178507984101e-08
domaiq,62,1.955178507984101e-08
domaiq,63,1.955178507984101e-08
domaiq,64,1.955178507984101e-08
domaiq,65,1.955178507984101e-08
domaiq,66,1.955178507984101e-08
domaiq,67,1.955178507984101e-08
domaiq,68,1.955178507984101e-08
domaiq,69,1.955178507984101e-08
domaiq,70,1.955178507984101e-08
domaiq,71,1.955178507984101e-08
domaiq,72,1.955178507984101e-08
domaiq,73,1.955178507984101e-08
domaiq,74,1.955178507984101e-08
domaiq,75,1.955178507984101e-08
domaiq,76,1.955178507984101e-08
domaiq,77,1.955178507984101e-08
domaiq,78,1.955178507984101e-08
domaiq,79,1.955178507984101e-08
domaiq,80,1.955178507984101e-08
domaiq,81,1.955178507984101e-08
domaiq,82,1.955178507984101e-08
domaiq,83,1.955178507984101e-08
domaiq,84,1.955178507984101e-08
domaiq,85,1.955178507984101e-08
domaiq,86,1.955178507984101e-08
domaiq,87,1.955178507984101e-08
domaiq,88,1.955178507984101e-08
domaiq,89,1.955178507984101e-08
domaiq,90,1.955178507984101e-08
domaiq,91,1.955178507984101e-08
domaiq,92,1.955178507984101e-08
domaiq,93,1.955178507984101e-08
domaiq,94,1.955178507984101e-08
domaiq,95,1.955178507984101e-08
domaiq,96,1.955178507984101e-08
domaiq,97,1.955178507984101e-08
domaiq,98,1.955178507984101e-08
domaiq,99,1.955178507984101e-08
domaiq,100,1.955178507984101e-08
hotbar,1,2.905642393358221e-10
hotbar,2,1.0073342804339802e-07
hotbar,3,6.667619123490454e-09
hotbar,4,8.467481160678858e-09
hotbar,5,7.430131399033257e-09
hotbar,6,3.5519686414353657e-07
hotbar,7,3.5960228594866805e-07
hotbar,8,4.2839191705112967e-07
hotbar,9,3.2920926984481014e-07
hotbar,10,2.1361838919986553e-07
hotbar,11,1.869152257416573e-07
hotbar,12,1.3685301181176612e-07
hotbar,13,1.1750407935551266e-07
hotbar,14,1.364025674632785e-07
hotbar,15,1.364025674632785e-07
hotbar,16,1.364025674632785e-07
hotbar,17,1.364025674632785e-07
hotbar,18,1.364025674632785e-07
hotbar,19,1.364025674632785e-07
hotbar,20,1.364025674632785e-07
hotbar,21,1.364025674632785e-07
hotbar,22,1.364025674632785e-07
hotbar,23,1.364025674632785e-07
hotbar,24,1.364025674632785e-07
hotbar,25,1.364025674632785e-07
hotbar,26,1.364025674632785e-07
hotbar,27,1.364025674632785e-07
hotbar,28,1.364025674632785e-07
hotbar,29,1.364025674632785e-07
hotbar,30,1.364025674632785e-07
hotbar,31,1.364025674632785e-07
hotbar,32,1.364025674632785e-07
hotbar,33,1.364025674632785e-07
hotbar,34,1.364025674632785e-07
hotbar,35,1.364025674632785e-07
hotbar,36,1.364025674632785e-07
hotbar,37,1.364025674632785e-07
hotbar,38,1.364025674632785e-07
hotbar,39,1.364025674632785e-07
hotbar,40,1.364025674632785e-07
hotbar,41,1.364025674632785e-07
hotbar,42,1.364025674632785e-07
hotbar,43,1.364025674632785e-07
hotbar,44,1.364025674632785e-07
hotbar,45,1.364025674632785e-07
hotbar,46,1.364025674632785e-07
hotbar,47,1.364025674632785e-07
hotbar,48,1.364025674632785e-07
hotbar,49,1.364025674632785e-07
hotbar,50,1.364025674632785e-07
hotbar,51,1.364025674632785e-07
hotbar,52,1.364025674632785e-07
hotbar,53,1.364025674632785e-07
hotbar,54,1.364025674632785e-07
hotbar,55,1.364025674632785e-07
hotbar,56,1.364025674632785e-07
hotbar,57,1.364025674632785e-07
hotbar,58,1.364025674632785e-07
hotbar,59,1.364025674632785e-07
hotbar,60,1.364025674632785e-07
hotbar,61,1.364025674632785e-07
hotbar,62,1.364025674632785e-07
hotbar,63,1.364025674632785e-07
hotbar,64,1.364025674632785e-07
hotbar,65,1.364025674632785e-07
hotbar,66,1.364025674632785e-07
hotbar,67,1.364025674632785e-07
hotbar,68,1.364025674632785e-07
hotbar,69,1.364025674632785e-07
hotbar,70,1.364025674632785e-07
hotbar,71,1.364025674632785e-07
hotbar,72,1.364025674632785e-07
hotbar,73,1.364025674632785e-07
hotbar,74,1.364025674632785e-07
hotbar,75,1.364025674632785e-07
hotbar,76,1.364025674632785e-07
hotbar,77,1.364025674632785e-07
hotbar,78,1.364025674632785e-07
hotbar,79,1.364025674632785e-07
hotbar,80,1.364025674632785e-07
hotbar,81,1.364025674632785e-07
hotbar,82,1.364025674632785e-07
hotbar,83,1.364025674632785e-07
hotbar,84,1.364025674632785e-07
hotbar,85,1.364025674632785e-07
hotbar,86,1.364025674632785e-07
hotbar,87,1.364025674632785e-07
hotbar,88,1.364025674632785e-07
hotbar,89,1.364025674632785e-07
hotbar,90,1.364025674632785e-07
hotbar,91,1.364025674632785e-07
hotbar,92,1.364025674632785e-07
hotbar,93,1.364025674632785e-07
hotbar,94,1.364025674632785e-07
hotbar,95,1.364025674632785e-07
hotbar,96,1.364025674632785e-07
hotbar,97,1.364025674632785e-07
hotbar,98,1.364025674632785e-07
hotbar,99,1.364025674632785e-07
hotbar,100,1.364025674632785e-07
multiplug,1,5.724513292504341e-06
multiplug,2,1.6408210992135963e-06
multiplug,3,7.846230380970098e-07
multiplug,4,1.3548541275554271e-06
multiplug,5,1.9842019738369743e-07
multiplug,6,7.982315388677108e-07
multiplug,7,1.2088660472642232e-06
multiplug,8,9.713454993676152e-07
multiplug,9,1.0945895785319237e-06
multiplug,10,3.970520769280839e-06
multiplug,11,1.8280846529439287e-05
multiplug,12,1.2768245873706618e-05
multiplug,13,1.275981298531903e-05
multiplug,14,1.093475240088182e-05
multiplug,15,7.329909317510541e-06
multiplug,16,3.7628038906944994e-06
multiplug,17,6.429815635478064e-07
multiplug,18,5.365025377290777e-07
multiplug,19,5.365025377290777e-07
multiplug,20,5.365025377290777e-07
multiplug,21,5.365025377290777e-07
multiplug,22,5.365025377290777e-07
multiplug,23,5.365025377290777e-07
multiplug,24,5.365025377290777e-07
multiplug,25,5.365025377290777e-07
multiplug,26,5.365025377290777e-07
multiplug,27,5.365025377290777e-07
multiplug,28,5.365025377290777e-07
multiplug,29,5.365025377290777e-07
multiplug,30,5.365025377290777e-07
multiplug,31,5.365025377290777e-07
multiplug,32,5.365025377290777e-07
multiplug,33,5.365025377290777e-07
multiplug,34,5.365025377290777e-07
multiplug,35,5.365025377290777e-07
multiplug,36,5.365025377290777e-07
multiplug,37,5.365025377290777e-07
multiplug,38,5.365025377290777e-07
multiplug,39,5.365025377290777e-07
multiplug,40,5.365025377290777e-07
multiplug,41,5.365025377290777e-07
multiplug,42,5.365025377290777e-07
multiplug,43,5.365025377290777e-07
multiplug,44,5.365025377290777e-07
multiplug,45,5.365025377290777e-07
multiplug,46,5.365025377290777e-07
multiplug,47,5.365025377290777e-07
multiplug,48,5.365025377290777e-07
multiplug,49,5.365025377290777e-07
multiplug,50,5.365025377290777e-07
multiplug,51,5.365025377290777e-07
multiplug,52,5.365025377290777e-07
multiplug,53,5.365025377290777e-07
multiplug,54,5.365025377290777e-07
multiplug,55,5.365025377290777e-07
multiplug,56,5.365025377290777e-07
multiplug,57,5.365025377290777e-07
multiplug,58,5.365025377290777e-07
multiplug,59,5.365025377290777e-07
multiplug,60,5.365025377290777e-07
multiplug,61,5.365025377290777e-07
multiplug,62,5.365025377290777e-07
multiplug,63,5.365025377290777e-07
multiplug,64,5.365025377290777e-07
multiplug,65,5.365025377290777e-07
multiplug,66,5.365025377290777e-07
multiplug,67,5.365025377290777e-07
multiplug,68,5.365025377290777e-07
multiplug,69,5.365025377290777e-07
multiplug,70,5.365025377290777e-07
multiplug,71,5.365025377290777e-07
multiplug,72,5.365025377290777e-07
multiplug,73,5.365025377290777e-07
multiplug,74,5.365025377290777e-07
multiplug,75,5.365025377290777e-07
multiplug,76,5.365025377290777e-07
multiplug,77,5.365025377290777e-07
multiplug,78,5.365025377290777e-07
multiplug,79,5.365025377290777e-07
multiplug,80,5.365025377290777e-07
multiplug,81,5.365025377290777e-07
multiplug,82,5.365025377290777e-07
multiplug,83,5.365025377290777e-07
multiplug,84,5.365025377290777e-07
multiplug,85,5.365025377290777e-07
multiplug,86,5.365025377290777e-07
multiplug,87,5.365025377290777e-07
multiplug,88,5.365025377290777e-07
multiplug,89,5.365025377290777e-07
multiplug,90,5.365025377290777e-07
multiplug,91,5.365025377290777e-07
multiplug,92,5.365025377290777e-07
multiplug,93,5.365025377290777e-07
multiplug,94,5.365025377290777e-07
multiplug,95,5.365025377290777e-07
multiplug,96,5.365025377290777e-07
multiplug,97,5.365025377290777e-07
multiplug,98,5.365025377290777e-07
multiplug,99,5.365025377290777e-07
multiplug,100,5.365025377290777e-07
dlhelper,1,0.0003599495874027081
dlhelper,2,8.42018995628191e-05
dlhelper,3,4.9427573672877756e-05
dlhelper,4,4.9427573672877756e-05
dlhelper,5,4.9427573672877756e-05
dlhelper,6,4.9427573672877756e-05
dlhelper,7,4.9427573672877756e-05
dlhelper,8,4.9427573672877756e-05
dlhelper,9,4.9427573672877756e-05
dlhelper,10,4.9427573672877756e-05
dlhelper,11,4.9427573672877756e-05
dlhelper,12,4.9427573672877756e-05
dlhelper,13,4.9427573672877756e-05
dlhelper,14,4.9427573672877756e-05
dlhelper,15,4.9427573672877756e-05
dlhelper,16,4.9427573672877756e-05
dlhelper,17,4.9427573672877756e-05
dlhelper,18,4.9427573672877756e-05
dlhelper,19,4.9427573672877756e-05
dlhelper,20,4.9427573672877756e-05
dlhelper,21,4.9427573672877756e-05
dlhelper,22,4.9427573672877756e-05
dlhelper,23,4.9427573672877756e-05
dlhelper,24,4.9427573672877756e-05
dlhelper,25,4.9427573672877756e-05
dlhelper,26,4.9427573672877756e-05
dlhelper,27,4.9427573672877756e-05
dlhelper,28,4.9427573672877756e-05
dlhelper,29,4.9427573672877756e-05
dlhelper,30,4.9427573672877756e-05
dlhelper,31,4.9427573672877756e-05
dlhelper,32,4.9427573672877756e-05
dlhelper,33,4.9427573672877756e-05
dlhelper,34,4.9427573672877756e-05
dlhelper,35,4.9427573672877756e-05
dlhelper,36,4.9427573672877756e-05
dlhelper,37,4.9427573672877756e-05
dlhelper,38,4.9427573672877756e-05
dlhelper,39,4.9427573672877756e-05
dlhelper,40,4.9427573672877756e-05
dlhelper,41,4.9427573672877756e-05
dlhelper,42,4.9427573672877756e-05
dlhelper,43,4.9427573672877756e-05
dlhelper,44,4.9427573672877756e-05
dlhelper,45,4.9427573672877756e-05
dlhelper,46,4.9427573672877756e-05
dlhelper,47,4.9427573672877756e-05
dlhelper,48,4.9427573672877756e-05
dlhelper,49,4.9427573672877756e-05
dlhelper,50,4.9427573672877756e-05
dlhelper,51,4.9427573672877756e-05
dlhelper,52,4.9427573672877756e-05
dlhelper,53,4.9427573672877756e-05
dlhelper,54,4.9427573672877756e-05
dlhelper,55,4.9427573672877756e-05
dlhelper,56,4.9427573672877756e-05
dlhelper,57,4.9427573672877756e-05
dlhelper,58,4.9427573672877756e-05
dlhelper,59,4.9427573672877756e-05
dlhelper,60,4.9427573672877756e-05
dlhelper,61,4.9427573672877756e-05
dlhelper,62,4.9427573672877756e-05
dlhelper,63,4.9427573672877756e-05
dlhelper,64,4.9427573672877756e-05
dlhelper,65,4.9427573672877756e-05
dlhelper,66,4.9427573672877756e-05
dlhelper,67,4.9427573672877756e-05
dlhelper,68,4.9427573672877756e-05
dlhelper,69,4.9427573672877756e-05
dlhelper,70,4.9427573672877756e-05
dlhelper,71,4.9427573672877756e-05
dlhelper,72,4.9427573672877756e-05
dlhelper,73,4.9427573672877756e-05
dlhelper,74,4.9427573672877756e-05
dlhelper,75,4.9427573672877756e-05
dlhelper,76,4.9427573672877756e-05
dlhelper,77,4.9427573672877756e-05
dlhelper,78,4.9427573672877756e-05
dlhelper,79,4.9427573672877756e-05
dlhelper,80,4.9427573672877756e-05
dlhelper,81,4.9427573672877756e-05
dlhelper,82,4.9427573672877756e-05
dlhelper,83,4.9427573672877756e-05
dlhelper,84,4.9427573672877756e-05
dlhelper,85,4.9427573672877756e-05
dlhelper,86,4.9427573672877756e-05
dlhelper,87,4.9427573672877756e-05
dlhelper,88,4.9427573672877756e-05
dlhelper,89,4.9427573672877756e-05
dlhelper,90,4.9427573672877756e-05
dlhelper,91,4.9427573672877756e-05
dlhelper,92,4.9427573672877756e-05
dlhelper,93,4.9427573672877756e-05
dlhelper,94,4.9427573672877756e-05
dlhelper,95,4.9427573672877756e-05
dlhelper,96,4.9427573672877756e-05
dlhelper,97,4.9427573672877756e-05
dlhelper,98,4.9427573672877756e-05
dlhelper,99,4.9427573672877756e-05
dlhelper,100,4.9427573672877756e-05
downloadadmin,1,1.3674661403229038e-10
downloadadmin,2,2.937819321147117e-09
downloadadmin,3,1.6013865788977455e-09
downloadadmin,4,0.0784986429567045
downloadadmin,5,0.05023527974455777
downloadadmin,6,0.03488481094953477
downloadadmin,7,0.02562803870573238
downloadadmin,8,0.019414040776656094
downloadadmin,9,0.015340603773326578
downloadadmin,10,1.9714899415212983e-06
downloadadmin,11,1.6312822554986894e-06
downloadadmin,12,0.008844791901916338
downloadadmin,13,0.007535903518510301
downloadadmin,14,0.0064973332849049825
downloadadmin,15,0.0056591552883806795
downloadadmin,16,0.004973175930389484
downloadadmin,17,6.870137889691819e-07
downloadadmin,18,6.140340587101889e-07
downloadadmin,19,5.486496945650288e-07
downloadadmin,20,7.301968738548936e-07
downloadadmin,21,0.0029010000595821595
downloadadmin,22,0.002643058182107305
downloadadmin,23,5.740492072803249e-07
downloadadmin,24,5.268077216680211e-07
downloadadmin,25,4.875390651193356e-07
downloadadmin,26,4.5585298669159613e-07
downloadadmin,27,4.131782707084142e-07
downloadadmin,28,9.069467612476956e-07
downloadadmin,29,8.477795592209958e-07
downloadadmin,30,7.954017613442943e-07
downloadadmin,31,7.3954821289135e-07
downloadadmin,32,6.958086813391162e-07
downloadadmin,33,6.599954345265502e-07
downloadadmin,34,6.095706983622051e-07
downloadadmin,35,5.551772495060447e-07
downloadadmin,36,5.285782846975451e-07
downloadadmin,37,4.984976462729662e-07
downloadadmin,38,4.6653952368025386e-07
downloadadmin,39,0.0008085939345656712
downloadadmin,40,4.4108070973436497e-07
downloadadmin,41,0.0007629879106214599
downloadadmin,42,0.0007273501127857962
downloadadmin,43,0.00068473767356525
downloadadmin,44,0.0006531062246086794
downloadadmin,45,0.0006243987052443334
downloadadmin,46,0.0021531118380755387
downloadadmin,47,0.002062478934339751
downloadadmin,48,0.001977422304923371
downloadadmin,49,0.0018974972867140671
downloadadmin,50,0.0018227049049337474
downloadadmin,51,0.0018227049049337474
downloadadmin,52,0.0018227049049337474
downloadadmin,53,0.0018227049049337474
downloadadmin,54,0.0018227049049337474
downloadadmin,55,0.0018227049049337474
downloadadmin,56,0.0018227049049337474
downloadadmin,57,0.0018227049049337474
downloadadmin,58,0.0018227049049337474
downloadadmin,59,0.0018227049049337474
downloadadmin,60,0.0018227049049337474
downloadadmin,61,0.0018227049049337474
downloadadmin,62,0.0018227049049337474
downloadadmin,63,0.0018227049049337474
downloadadmin,64,0.0018227049049337474
downloadadmin,65,0.0018227049049337474
downloadadmin,66,0.0018227049049337474
downloadadmin,67,0.0018227049049337474
downloadadmin,68,0.0018227049049337474
downloadadmin,69,0.0018227049049337474
downloadadmin,70,0.0018227049049337474
downloadadmin,71,0.0018227049049337474
downloadadmin,72,0.0018227049049337474
downloadadmin,73,0.0018227049049337474
downloadadmin,74,0.0018227049049337474
downloadadmin,75,0.0018227049049337474
downloadadmin,76,0.0018227049049337474
downloadadmin,77,0.0018227049049337474
downloadadmin,78,0.0018227049049337474
downloadadmin,79,0.0018227049049337474
downloadadmin,80,0.0018227049049337474
downloadadmin,81,0.0018227049049337474
downloadadmin,82,0.0018227049049337474
downloadadmin,83,0.0018227049049337474
downloadadmin,84,0.0018227049049337474
downloadadmin,85,0.0018227049049337474
downloadadmin,86,0.0018227049049337474
downloadadmin,87,0.0018227049049337474
downloadadmin,88,0.0018227049049337474
downloadadmin,89,0.0018227049049337474
downloadadmin,90,0.0018227049049337474
downloadadmin,91,0.0018227049049337474
downloadadmin,92,0.0018227049049337474
downloadadmin,93,0.0018227049049337474
downloadadmin,94,0.0018227049049337474
downloadadmin,95,0.0018227049049337474
downloadadmin,96,0.0018227049049337474
downloadadmin,97,0.0018227049049337474
downloadadmin,98,0.0018227049049337474
downloadadmin,99,0.0018227049049337474
downloadadmin,100,0.0018227049049337474
gamarue,1,0.0004785153273432208
gamarue,2,0.17520281965860063
gamarue,3,0.07622149390249433
gamarue,4,0.09064657678316745
gamarue,5,0.10237156125294833
gamarue,6,0.07110152668185554
gamarue,7,0.12478550939466837
gamarue,8,0.18968086384113847
gamarue,9,0.2512051302614784
gamarue,10,0.1904958030656223
gamarue,11,0.15785454640126084
gamarue,12,0.1577658211285473
gamarue,13,0.18806807652126323
gamarue,14,0.23243602817147235
gamarue,15,0.14158319007366305
gamarue,16,0.12416280103043076
gamarue,17,0.11045234106952972
gamarue,18,0.09876271398983816
gamarue,19,0.06789421020963715
gamarue,20,0.05340798278343173
gamarue,21,0.05340798278343173
gamarue,22,0.05340798278343173
gamarue,23,0.05340798278343173
gamarue,24,0.05340798278343173
gamarue,25,0.05340798278343173
gamarue,26,0.05340798278343173
gamarue,27,0.05340798278343173
gamarue,28,0.05340798278343173
gamarue,29,0.05340798278343173
gamarue,30,0.05340798278343173
gamarue,31,0.05340798278343173
gamarue,32,0.05340798278343173
gamarue,33,0.05340798278343173
gamarue,34,0.05340798278343173
gamarue,35,0.05340798278343173
gamarue,36,0.05340798278343173
gamarue,37,0.05340798278343173
gamarue,38,0.05340798278343173
gamarue,39,0.05340798278343173
gamarue,40,0.05340798278343173
gamarue,41,0.05340798278343173
gamarue,42,0.05340798278343173
gamarue,43,0.05340798278343173
gamarue,44,0.05340798278343173
gamarue,45,0.05340798278343173
gamarue,46,0.05340798278343173
gamarue,47,0.05340798278343173
gamarue,48,0.05340798278343173
gamarue,49,0.05340798278343173
gamarue,50,0.05340798278343173
gamarue,51,0.05340798278343173
gamarue,52,0.05340798278343173
gamarue,53,0.05340798278343173
gamarue,54,0.05340798278343173
gamarue,55,0.05340798278343173
gamarue,56,0.05340798278343173
gamarue,57,0.05340798278343173
gamarue,58,0.05340798278343173
gamarue,59,0.05340798278343173
gamarue,60,0.05340798278343173
gamarue,61,0.05340798278343173
gamarue,62,0.05340798278343173
gamarue,63,0.05340798278343173
gamarue,64,0.05340798278343173
gamarue,65,0.05340798278343173
gamarue,66,0.05340798278343173
gamarue,67,0.05340798278343173
gamarue,68,0.05340798278343173
gamarue,69,0.05340798278343173
gamarue,70,0.05340798278343173
gamarue,71,0.05340798278343173
gamarue,72,0.05340798278343173
gamarue,73,0.05340798278343173
gamarue,74,0.05340798278343173
gamarue,75,0.05340798278343173
gamarue,76,0.05340798278343173
gamarue,77,0.05340798278343173
gamarue,78,0.05340798278343173
gamarue,79,0.05340798278343173
gamarue,80,0.05340798278343173
gamarue,81,0.05340798278343173
gamarue,82,0.05340798278343173
gamarue,83,0.05340798278343173
gamarue,84,0.05340798278343173
gamarue,85,0.05340798278343173
gamarue,86,0.05340798278343173
gamarue,87,0.05340798278343173
gamarue,88,0.05340798278343173
gamarue,89,0.05340798278343173
gamarue,90,0.05340798278343173
gamarue,91,0.05340798278343173
gamarue,92,0.05340798278343173
gamarue,93,0.05340798278343173
gamarue,94,0.05340798278343173
gamarue,95,0.05340798278343173
gamarue,96,0.05340798278343173
gamarue,97,0.05340798278343173
gamarue,98,0.05340798278343173
gamarue,99,0.05340798278343173
gamarue,100,0.05340798278343173
darkkomet,1,0.739194336260304
darkkomet,2,0.7999914052957549
darkkomet,3,0.09038642830450194
darkkomet,4,0.10416144157558715
darkkomet,5,0.06726795790990248
darkkomet,6,0.10116903512648445
darkkomet,7,0.07367136952020026
darkkomet,8,0.057029091215768934
darkkomet,9,0.02662171659851298
darkkomet,10,0.021001959430233752
darkkomet,11,0.021001959430233752
darkkomet,12,0.021001959430233752
darkkomet,13,0.021001959430233752
darkkomet,14,0.021001959430233752
darkkomet,15,0.021001959430233752
darkkomet,16,0.021001959430233752
darkkomet,17,0.021001959430233752
darkkomet,18,0.021001959430233752
darkkomet,19,0.021001959430233752
darkkomet,20,0.021001959430233752
darkkomet,21,0.021001959430233752
darkkomet,22,0.021001959430233752
darkkomet,23,0.021001959430233752
darkkomet,24,0.021001959430233752
darkkomet,25,0.021001959430233752
darkkomet,26,0.021001959430233752
darkkomet,27,0.021001959430233752
darkkomet,28,0.021001959430233752
darkkomet,29,0.021001959430233752
darkkomet,30,0.021001959430233752
darkkomet,31,0.021001959430233752
darkkomet,32,0.021001959430233752
darkkomet,33,0.021001959430233752
darkkomet,34,0.021001959430233752
darkkomet,35,0.021001959430233752
darkkomet,36,0.021001959430233752
darkkomet,37,0.021001959430233752
darkkomet,38,0.021001959430233752
darkkomet,39,0.021001959430233752
darkkomet,40,0.021001959430233752
darkkomet,41,0.021001959430233752
darkkomet,42,0.021001959430233752
darkkomet,43,0.021001959430233752
darkkomet,44,0.021001959430233752
darkkomet,45,0.021001959430233752
darkkomet,46,0.021001959430233752
darkkomet,47,0.021001959430233752
darkkomet,48,0.021001959430233752
darkkomet,49,0.021001959430233752
darkkomet,50,0.021001959430233752
darkkomet,51,0.021001959430233752
darkkomet,52,0.021001959430233752
darkkomet,53,0.021001959430233752
darkkomet,54,0.021001959430233752
darkkomet,55,0.021001959430233752
darkkomet,56,0.021001959430233752
darkkomet,57,0.021001959430233752
darkkomet,58,0.021001959430233752
darkkomet,59,0.021001959430233752
darkkomet,60,0.021001959430233752
darkkomet,61,0.021001959430233752
darkkomet,62,0.021001959430233752
darkkomet,63,0.021001959430233752
darkkomet,64,0.021001959430233752
darkkomet,65,0.021001959430233752
darkkomet,66,0.021001959430233752
darkkomet,67,0.021001959430233752
darkkomet,68,0.021001959430233752
darkkomet,69,0.021001959430233752
darkkomet,70,0.021001959430233752
darkkomet,71,0.021001959430233752
darkkomet,72,0.021001959430233752
darkkomet,73,0.021001959430233752
darkkomet,74,0.021001959430233752
darkkomet,75,0.021001959430233752
darkkomet,76,0.021001959430233752
darkkomet,77,0.021001959430233752
darkkomet,78,0.021001959430233752
darkkomet,79,0.021001959430233752
darkkomet,80,0.021001959430233752
darkkomet,81,0.021001959430233752
darkkomet,82,0.021001959430233752
darkkomet,83,0.021001959430233752
darkkomet,84,0.021001959430233752
darkkomet,85,0.021001959430233752
darkkomet,86,0.021001959430233752
darkkomet,87,0.021001959430233752
darkkomet,88,0.021001959430233752
darkkomet,89,0.021001959430233752
darkkomet,90,0.021001959430233752
darkkomet,91,0.021001959430233752
darkkomet,92,0.021001959430233752
darkkomet,93,0.021001959430233752
darkkomet,94,0.021001959430233752
darkkomet,95,0.021001959430233752
darkkomet,96,0.021001959430233752
darkkomet,97,0.021001959430233752
darkkomet,98,0.021001959430233752
darkkomet,99,0.021001959430233752
darkkomet,100,0.021001959430233752
delf,1,0.012648033972585404
delf,2,0.0029367562324114083
delf,3,0.0009713316362094382
delf,4,0.0003763836772505691
delf,5,0.0006891312537782301
delf,6,0.00023375411110082567
delf,7,0.00021520746603753693
delf,8,0.00013354620570993347
delf,9,9.260826916657194e-05
delf,10,7.359068081291831e-05
delf,11,7.359068081291831e-05
delf,12,7.359068081291831e-05
delf,13,7.359068081291831e-05
delf,14,7.359068081291831e-05
delf,15,7.359068081291831e-05
delf,16,7.359068081291831e-05
delf,17,7.359068081291831e-05
delf,18,7.359068081291831e-05
delf,19,7.359068081291831e-05
delf,20,7.359068081291831e-05
delf,21,7.359068081291831e-05
delf,22,7.359068081291831e-05
delf,23,7.359068081291831e-05
delf,24,7.359068081291831e-05
delf,25,7.359068081291831e-05
delf,26,7.359068081291831e-05
delf,27,7.359068081291831e-05
delf,28,7.359068081291831e-05
delf,29,7.359068081291831e-05
delf,30,7.359068081291831e-05
delf,31,7.359068081291831e-05
delf,32,7.359068081291831e-05
delf,33,7.359068081291831e-05
delf,34,7.359068081291831e-05
delf,35,7.359068081291831e-05
delf,36,7.359068081291831e-05
delf,37,7.359068081291831e-05
delf,38,7.359068081291831e-05
delf,39,7.359068081291831e-05
delf,40,7.359068081291831e-05
delf,41,7.359068081291831e-05
delf,42,7.359068081291831e-05
delf,43,7.359068081291831e-05
delf,44,7.359068081291831e-05
delf,45,7.359068081291831e-05
delf,46,7.359068081291831e-05
delf,47,7.359068081291831e-05
delf,48,7.359068081291831e-05
delf,49,7.359068081291831e-05
delf,50,7.359068081291831e-05
delf,51,7.359068081291831e-05
delf,52,7.359068081291831e-05
delf,53,7.359068081291831e-05
delf,54,7.359068081291831e-05
delf,55,7.359068081291831e-05
delf,56,7.359068081291831e-05
delf,57,7.359068081291831e-05
delf,58,7.359068081291831e-05
delf,59,7.359068081291831e-05
delf,60,7.359068081291831e-05
delf,61,7.359068081291831e-05
delf,62,7.359068081291831e-05
delf,63,7.359068081291831e-05
delf,64,7.359068081291831e-05
delf,65,7.359068081291831e-05
delf,66,7.359068081291831e-05
delf,67,7.359068081291831e-05
delf,68,7.359068081291831e-05
delf,69,7.359068081291831e-05
delf,70,7.359068081291831e-05
delf,71,7.359068081291831e-05
delf,72,7.359068081291831e-05
delf,73,7.359068081291831e-05
delf,74,7.359068081291831e-05
delf,75,7.359068081291831e-05
delf,76,7.359068081291831e-05
delf,77,7.359068081291831e-05
delf,78,7.359068081291831e-05
delf,79,7.359068081291831e-05
delf,80,7.359068081291831e-05
delf,81,7.359068081291831e-05
delf,82,7.359068081291831e-05
delf,83,7.359068081291831e-05
delf,84,7.359068081291831e-05
delf,85,7.359068081291831e-05
delf,86,7.359068081291831e-05
delf,87,7.359068081291831e-05
delf,88,7.359068081291831e-05
delf,89,7.359068081291831e-05
delf,90,7.359068081291831e-05
delf,91,7.359068081291831e-05
delf,92,7.359068081291831e-05
delf,93,7.359068081291831e-05
delf,94,7.359068081291831e-05
delf,95,7.359068081291831e-05
delf,96,7.359068081291831e-05
delf,97,7.359068081291831e-05
delf,98,7.359068081291831e-05
delf,99,7.359068081291831e-05
delf,100,7.359068081291831e-05
gamehack,1,1.0595298680612237
gamehack,2,0.27083034047958354
gamehack,3,0.11824158566654552
gamehack,4,0.061978081997789314
gamehack,5,0.038105943272751075
gamehack,6,0.02407708501259087
gamehack,7,0.02407708501259087
gamehack,8,0.02407708501259087
gamehack,9,0.02407708501259087
gamehack,10,0.02407708501259087
gamehack,11,0.02407708501259087
gamehack,12,0.02407708501259087
gamehack,13,0.02407708501259087
gamehack,14,0.02407708501259087
gamehack,15,0.02407708501259087
gamehack,16,0.02407708501259087
gamehack,17,0.02407708501259087
gamehack,18,0.02407708501259087
gamehack,19,0.02407708501259087
gamehack,20,0.02407708501259087
gamehack,21,0.02407708501259087
gamehack,22,0.02407708501259087
gamehack,23,0.02407708501259087
gamehack,24,0.02407708501259087
gamehack,25,0.02407708501259087
gamehack,26,0.02407708501259087
gamehack,27,0.02407708501259087
gamehack,28,0.02407708501259087
gamehack,29,0.02407708501259087
gamehack,30,0.02407708501259087
gamehack,31,0.02407708501259087
gamehack,32,0.02407708501259087
gamehack,33,0.02407708501259087
gamehack,34,0.02407708501259087
gamehack,35,0.02407708501259087
gamehack,36,0.02407708501259087
gamehack,37,0.02407708501259087
gamehack,38,0.02407708501259087
gamehack,39,0.02407708501259087
gamehack,40,0.02407708501259087
gamehack,41,0.02407708501259087
gamehack,42,0.02407708501259087
gamehack,43,0.02407708501259087
gamehack,44,0.02407708501259087
gamehack,45,0.02407708501259087
gamehack,46,0.02407708501259087
gamehack,47,0.02407708501259087
gamehack,48,0.02407708501259087
gamehack,49,0.02407708501259087
gamehack,50,0.02407708501259087
gamehack,51,0.02407708501259087
gamehack,52,0.02407708501259087
gamehack,53,0.02407708501259087
gamehack,54,0.02407708501259087
gamehack,55,0.02407708501259087
gamehack,56,0.02407708501259087
gamehack,57,0.02407708501259087
gamehack,58,0.02407708501259087
gamehack,59,0.02407708501259087
gamehack,60,0.02407708501259087
gamehack,61,0.02407708501259087
gamehack,62,0.02407708501259087
gamehack,63,0.02407708501259087
gamehack,64,0.02407708501259087
gamehack,65,0.02407708501259087
gamehack,66,0.02407708501259087
gamehack,67,0.02407708501259087
gamehack,68,0.02407708501259087
gamehack,69,0.02407708501259087
gamehack,70,0.02407708501259087
gamehack,71,0.02407708501259087
gamehack,72,0.02407708501259087
gamehack,73,0.02407708501259087
gamehack,74,0.02407708501259087
gamehack,75,0.02407708501259087
gamehack,76,0.02407708501259087
gamehack,77,0.02407708501259087
gamehack,78,0.02407708501259087
gamehack,79,0.02407708501259087
gamehack,80,0.02407708501259087
gamehack,81,0.02407708501259087
gamehack,82,0.02407708501259087
gamehack,83,0.02407708501259087
gamehack,84,0.02407708501259087
gamehack,85,0.02407708501259087
gamehack,86,0.02407708501259087
gamehack,87,0.02407708501259087
gamehack,88,0.02407708501259087
gamehack,89,0.02407708501259087
gamehack,90,0.02407708501259087
gamehack,91,0.02407708501259087
gamehack,92,0.02407708501259087
gamehack,93,0.02407708501259087
gamehack,94,0.02407708501259087
gamehack,95,0.02407708501259087
gamehack,96,0.02407708501259087
gamehack,97,0.02407708501259087
gamehack,98,0.02407708501259087
gamehack,99,0.02407708501259087
gamehack,100,0.02407708501259087
fareit,1,1.3504906855033028e-06
fareit,2,1.7469224037558462e-05
fareit,3,4.864012216643232e-05
fareit,4,0.000315017445466248
fareit,5,0.00020034452943629155
fareit,6,0.00014046070703122027
fareit,7,0.00010750964877237479
fareit,8,0.014318937742134885
fareit,9,0.011296607410111958
fareit,10,0.009143342274659627
fareit,11,0.007520770341679528
fareit,12,0.007520770341679528
fareit,13,0.007520770341679528
fareit,14,0.007520770341679528
fareit,15,0.007520770341679528
fareit,16,0.007520770341679528
fareit,17,0.007520770341679528
fareit,18,0.007520770341679528
fareit,19,0.007520770341679528
fareit,20,0.007520770341679528
fareit,21,0.007520770341679528
fareit,22,0.007520770341679528
fareit,23,0.007520770341679528
fareit,24,0.007520770341679528
fareit,25,0.007520770341679528
fareit,26,0.007520770341679528
fareit,27,0.007520770341679528
fareit,28,0.007520770341679528
fareit,29,0.007520770341679528
fareit,30,0.007520770341679528
fareit,31,0.007520770341679528
fareit,32,0.007520770341679528
fareit,33,0.007520770341679528
fareit,34,0.007520770341679528
fareit,35,0.007520770341679528
fareit,36,0.007520770341679528
fareit,37,0.007520770341679528
fareit,38,0.007520770341679528
fareit,39,0.007520770341679528
fareit,40,0.007520770341679528
fareit,41,0.007520770341679528
fareit,42,0.007520770341679528
fareit,43,0.007520770341679528
fareit,44,0.007520770341679528
fareit,45,0.007520770341679528
fareit,46,0.007520770341679528
fareit,47,0.007520770341679528
fareit,48,0.007520770341679528
fareit,49,0.007520770341679528
fareit,50,0.007520770341679528
fareit,51,0.007520770341679528
fareit,52,0.007520770341679528
fareit,53,0.007520770341679528
fareit,54,0.007520770341679528
fareit,55,0.007520770341679528
fareit,56,0.007520770341679528
fareit,57,0.007520770341679528
fareit,58,0.007520770341679528
fareit,59,0.007520770341679528
fareit,60,0.007520770341679528
fareit,61,0.007520770341679528
fareit,62,0.007520770341679528
fareit,63,0.007520770341679528
fareit,64,0.007520770341679528
fareit,65,0.007520770341679528
fareit,66,0.007520770341679528
fareit,67,0.007520770341679528
fareit,68,0.007520770341679528
fareit,69,0.007520770341679528
fareit,70,0.007520770341679528
fareit,71,0.007520770341679528
fareit,72,0.007520770341679528
fareit,73,0.007520770341679528
fareit,74,0.007520770341679528
fareit,75,0.007520770341679528
fareit,76,0.007520770341679528
fareit,77,0.007520770341679528
fareit,78,0.007520770341679528
fareit,79,0.007520770341679528
fareit,80,0.007520770341679528
fareit,81,0.007520770341679528
fareit,82,0.007520770341679528
fareit,83,0.007520770341679528
fareit,84,0.007520770341679528
fareit,85,0.007520770341679528
fareit,86,0.007520770341679528
fareit,87,0.007520770341679528
fareit,88,0.007520770341679528
fareit,89,0.007520770341679528
fareit,90,0.007520770341679528
fareit,91,0.007520770341679528
fareit,92,0.007520770341679528
fareit,93,0.007520770341679528
fareit,94,0.007520770341679528
fareit,95,0.007520770341679528
fareit,96,0.007520770341679528
fareit,97,0.007520770341679528
fareit,98,0.007520770341679528
fareit,99,0.007520770341679528
fareit,100,0.007520770341679528
